<?xml version="1.0" encoding="UTF-8"?>
<project-private xmlns="http://www.netbeans.org/ns/project-private/1">
    <editor-bookmarks xmlns="http://www.netbeans.org/ns/editor-bookmarks/2" lastBookmarkId="0"/>
    <open-files xmlns="http://www.netbeans.org/ns/projectui-open-files/2">
        <group>
            <file>file:/C:/Users/Estudiantes/Desktop/DynamicStructures/src/logic/SimpleList.java</file>
            <file>file:/C:/Users/Estudiantes/Desktop/DynamicStructures/src/logic/CircularList.java</file>
            <file>file:/C:/Users/Estudiantes/Desktop/DynamicStructures/src/data/Node.java</file>
            <file>file:/C:/Users/Estudiantes/Desktop/DynamicStructures/src/data/CircularNode.java</file>
        </group>
    </open-files>
</project-private>
